"Name","Type","Active Assigned Projects","Inactive Assigned Projects"
"Main Team","DEFAULT","GULNAR, VAIBHAV VISTA, YOU AND I, NIRMAL BHAVAN CHSL, STELLAR CREST, RAJNIGANDHA CHSL, PCPL IVORY HEIGHTS, NIRVANA SPRINGS, NANDADEEP, 42 AURA, RAJESH MANDIR, Training Project, POPULAR TERRACE, LAKSHMAN TOWER, KAVERI, PEARL PALACE, OM MANIKANTA, ANKUR, TIARA, MAYUR RESIDENCY, CITIZEN CHSL, GOLD COIN RESIDENCY, SHINING STAR, NIRVANA, GALA APARTMENTS, AURORA, SPARSH, NEW SHALIMAR, JAMUNA MAHAL, FALCON CREST, SAMRAT, JOE VILLE, VIVANTE",""
"Vipul J. Patel","CONTRACTOR","OM MANIKANTA",""
"Vardhman Infra","CONTRACTOR","OM MANIKANTA",""
"P G Constructions","CONTRACTOR","KAVERI, SHINING STAR, ANKUR",""
"Khodiyar Enterprises","CONTRACTOR","SHINING STAR",""
"Uttam Infra","CONTRACTOR","VAIBHAV VISTA, YOU AND I",""
"test","CONTRACTOR","",""
"SK Civil And Construction LLP","CONTRACTOR","SAMRAT",""
"Skyline Construction","CONTRACTOR","RAJESH MANDIR",""
"Parshwa Constructions","CONTRACTOR","CITIZEN CHSL",""
"Leela Infra","CONTRACTOR","KAVERI",""
"Walia Electrical","CONTRACTOR","LAKSHMAN TOWER",""
"National Decor","CONTRACTOR","SHINING STAR, PEARL PALACE, SAMRAT",""
"Gala Apartment Team","OTHERS","",""
"Popular Terrace Team","OTHERS","POPULAR TERRACE",""
"Gold Coin Residency Team","OTHERS","GOLD COIN RESIDENCY",""
"Nirvana Team","OTHERS","NIRVANA",""
"New Shalimar Team","OTHERS","",""
"Sai Siddhi Enterprise","CONTRACTOR","FALCON CREST",""
"Tiara Team","OTHERS","TIARA",""
"Mayur Team","OTHERS","MAYUR RESIDENCY",""
"Sparsh Team","OTHERS","SPARSH",""
"Test Agency","OTHERS","Training Project",""
"Phone Contact","LOCAL","Training Project, RAJESH MANDIR, OM MANIKANTA, FALCON CREST, JAMUNA MAHAL, SAMRAT, AURORA, PEARL PALACE, SHINING STAR, ANKUR, LAKSHMAN TOWER, KAVERI",""
"M/s. Sadguru Samarth Services","CONTRACTOR","LAKSHMAN TOWER",""
"Shamsuddin A.L. Shaikh","CONTRACTOR","LAKSHMAN TOWER",""
"M/s AR Services","CONTRACTOR","SAMRAT",""
"Dodhiwala Construction Co Pvt Ltd","CONTRACTOR","SAMRAT",""
"Krishna Interiors","CONTRACTOR","SAMRAT",""
"R K Waterworks LLP","CONTRACTOR","OM MANIKANTA, SAMRAT, SHINING STAR",""
"Sheravi Construction","CONTRACTOR","GULNAR, SAMRAT, PEARL PALACE",""
"Om Constructions","CONTRACTOR","VIVANTE, 42 AURA, RAJESH MANDIR, SHINING STAR, LAKSHMAN TOWER, FALCON CREST, OM MANIKANTA, KAVERI, CITIZEN CHSL",""
"Krishiv Skyline Enterprises","CONTRACTOR","JOE VILLE, FALCON CREST",""
"SHREE SAMARTH TECH SOLUTION","CONTRACTOR","PEARL PALACE, JAMUNA MAHAL",""
"Krupali Fabrication","CONTRACTOR","AURORA, FALCON CREST, SAMRAT, JAMUNA MAHAL, ANKUR",""
"We Volt Electricals","CONTRACTOR","SAMRAT, SHINING STAR, ANKUR",""
"Amrita Plumarch Pvt Ltd","CONTRACTOR","AURORA, SHINING STAR, ANKUR",""
"Leak Art Water Proofing Co.","CONTRACTOR","OM MANIKANTA, LAKSHMAN TOWER, PEARL PALACE, SHINING STAR, AURORA, SAMRAT",""
"Ashtavinayaka Construction","CONTRACTOR","LAKSHMAN TOWER, PEARL PALACE, AURORA",""
"Harsh Metals","CONTRACTOR","AURORA",""
"Fine Decorator","CONTRACTOR","FALCON CREST, OM MANIKANTA, AURORA",""
"Shreenath Constructions","CONTRACTOR","YOU AND I, LAKSHMAN TOWER, AURORA, VAIBHAV VISTA",""
"R K Enterprise","CONTRACTOR","PEARL PALACE, ANKUR, SAMRAT",""
"M/s Venus Electric Store","CONTRACTOR","Training Project, AURORA",""