"Name","Email","Phone No","Access Type","Active","Default Role","Team","Active Assigned Projects","Inactive Assigned Projects"
"Sarvesh Gupta","sarvesh.gupta@pranavconstructions.com","917457917773","Paid","Yes","User","Main Team","42 AURA, CITIZEN CHSL, GULNAR, VIVANTE, OM MANIKANTA, STELLAR CREST, VAIBHAV VISTA, SHINING STAR, KAVERI, RAJNIGANDHA CHSL, PCPL IVORY HEIGHTS, JAMUNA MAHAL, PEARL PALACE, FALCON CREST, NANDADEEP, SAMRAT, LAKSHMAN TOWER, YOU AND I, RAJESH MANDIR, NIRVANA SPRINGS",""
"Mayuresh Jadhav","mayuresh.jadhav@pranavconstructions.com","919769874571","Paid","Yes","User","Main Team, Phone Contact","AURORA, Training Project, SHINING STAR, ANKUR, MAYUR RESIDENCY, NIRMAL BHAVAN CHSL, JOE VILLE, 42 AURA, LAKSHMAN TOWER, FALCON CREST, KAVERI, OM MANIKANTA, SAMRAT, TIARA, PEARL PALACE, JAMUNA MAHAL, SPARSH, NEW SHALIMAR, NIRVANA, GALA APARTMENTS, GOLD COIN RESIDENCY, POPULAR TERRACE, STELLAR CREST, CITIZEN CHSL, PCPL IVORY HEIGHTS, VIVANTE, RAJNIGANDHA CHSL, RAJESH MANDIR, GULNAR, VAIBHAV VISTA, YOU AND I",""
"Vishal Tatte","vishal.tatte@pranavconstructions.com","919595530660","Paid","Yes","User","Main Team","Training Project, YOU AND I, VAIBHAV VISTA",""
"Ishwar Kumavat","ishwar.kumavat@pranavconstructions.com","919619948392","Paid","Yes","User","Phone Contact, Main Team","JOE VILLE, RAJESH MANDIR, FALCON CREST, Training Project, KAVERI, NIRVANA SPRINGS",""
"Rakesh Jamjagal","rakesh.jamjagal@pranavconstructions.com","917977792586","Paid","Yes","User","Main Team","CITIZEN CHSL",""
"Aniket T","aniket.tambe@pranavconstructions.com","919867172388","Paid","Yes","User","Main Team","OM MANIKANTA",""
"Rohan Sharma","rohan.sharma@pranavconstructions.com","917710902893","Paid","Yes","User","Main Team","VAIBHAV VISTA",""
"Super Account - Architects","samidhaprabhu1983@gmail.com","919619383736","Paid","Yes","User","Main Team","SHINING STAR, KAVERI, FALCON CREST, LAKSHMAN TOWER, JOE VILLE, NIRMAL BHAVAN CHSL, OM MANIKANTA, ANKUR, AURORA, VIVANTE, NANDADEEP, 42 AURA, STELLAR CREST, YOU AND I, VAIBHAV VISTA, RAJNIGANDHA CHSL, GULNAR, RAJESH MANDIR, NIRVANA SPRINGS, PCPL IVORY HEIGHTS, CITIZEN CHSL, JAMUNA MAHAL, SAMRAT, PEARL PALACE",""
"Rajendra Jadhav","rajendra.jadhav@pranavconstructions.com","919833719862","Paid","Yes","User","Main Team","JAMUNA MAHAL, VIVANTE, GULNAR, STELLAR CREST, CITIZEN CHSL, SHINING STAR, PEARL PALACE, SAMRAT, 42 AURA",""
"Rajesh Velonde","rajesh.velonde@pranavconstructions.com","919819873160","Paid","Yes","User","Main Team","NIRVANA SPRINGS",""
"Harshad Monde","harshad.monde@pranavconstructions.com","918976629588","Paid","Yes","User","Main Team","YOU AND I",""
"Sandip Tikute","sandip.tikute@pranavconstructions.com","919146810908","Paid","Yes","User","Main Team","VIVANTE",""
"Sanatan Bahera","sanatan.bahera@pranavconstructions.com","917506426429","Paid","Yes","User","Main Team","Training Project, CITIZEN CHSL",""
"Romit Patel","romit.patel@pranavconstructions.com","918879851812","Paid","Yes","User","Phone Contact, Main Team","Training Project, RAJESH MANDIR",""
"SantoshKumar Pandey","santoshkumar.pandey@pranavconstructions.com","917021651323","Paid","Yes","User","Main Team","42 AURA",""
"Pranay More","pranay.more@pranavconstructions.com","919619140219","Paid","Yes","User","Main Team","NIRVANA SPRINGS",""
"Raj Ram Gole","raj.gole@pranavconstructions.com","919321838324","Complimentary","Yes","User","Main Team","",""
"Pravin Bandabe","pravin.bandabe@pranavconstructions.com","918369455619","Paid","Yes","User","Main Team","GULNAR",""
"Rampreet prajapati","rampreet.prajapati@pranavconstructions.com","919769401093","Paid","Yes","User","Main Team","SAMRAT, Training Project",""
"Pallavi Vichare","pallavi.vichare@pranavconstructions.com","917028862340","Paid","Yes","User","Main Team","PCPL IVORY HEIGHTS",""
"Ruttuja Mahapadi","ruttuja.mahapadi@pranavconstructions.com","919769503488","Paid","Yes","User","Main Team","JOE VILLE",""
"Vikesh Anabhavane","vikesh.anabhavane@pranavconstructions.com","919223556315","Paid","Yes","User","Tiara Team, Main Team","PEARL PALACE, TIARA",""
"Chandan Singh","chandan.singh@pranavconstructions.com","919033464146","Paid","Yes","User","Main Team","42 AURA",""
"Manoj Desai","manoj.desai@pranavconstructions.com","917038344545","Paid","Yes","User","Main Team","VIVANTE",""
"Sandeep Kalambe","sandeep.kalambe@pranavconstructions.com","918652879534","Paid","Yes","User","Main Team","PCPL IVORY HEIGHTS",""
"Sujit Bandiwadekar","sujit.bandiwadekar@pranavconstructions.com","918097868255","Paid","Yes","User","Main Team","VAIBHAV VISTA",""
"Shashikant Shinde","shashikant.shinde@pranavconstructions.com","919833329223","Complimentary","Yes","User","Main Team","",""
"Harsh Dave","siddhi.enterprises098@gmail.com","919820267712","Complimentary","Yes","User","Prime Structures","STELLAR CREST",""
"Saurav Salukhe","saurav.salunkhe@pranavconstructions.com","","Paid","Yes","User","Main Team","KAVERI, ANKUR, Training Project",""
"Sumankumar Mandal","suman.mandal@pranavconstructions.com","","Paid","Yes","User","Main Team","Training Project, 42 AURA, STELLAR CREST, MAYUR RESIDENCY, AURORA, LAKSHMAN TOWER",""
"Shaileshkumar Vishwakarma","shaileshkumar.vishwakarma@pranavconstructions.com","918828345901","Paid","Yes","User","Main Team","NANDADEEP, FALCON CREST",""
"Yogesh Tiwari","yogesh.tiwari@pranavconstructions.com","919172013962","Paid","Yes","User","New Shalimar Team, Main Team","FALCON CREST",""
"Siddhesh Bagwe","siddhesh.bagwe@pranavconstructions.com","919004671715","Paid","Yes","User","Main Team","PCPL IVORY HEIGHTS, NIRMAL BHAVAN CHSL, GULNAR, OM MANIKANTA, VIVANTE",""
"Mithila Sawant","mithila.sawant@pranavconstructions.com","919833356396","Paid","Yes","User","Main Team","NANDADEEP",""
"Vipul J. Patel","vjpatel76@yahoo.co.in","919819525422","Complimentary","Yes","User","Vipul J. Patel","OM MANIKANTA",""
"Madhu Kamath","madhu.kamath@pranavconstructions.com","917208610370","Paid","Yes","User","Main Team","NIRMAL BHAVAN CHSL",""
"Deepesh Dhavan","deepesh.dhavan@pranavconstructions.com","919136033377","Paid","Yes","User","Main Team","MAYUR RESIDENCY, AURORA, Training Project, SPARSH, FALCON CREST, GALA APARTMENTS, TIARA, JAMUNA MAHAL, ANKUR, KAVERI, SAMRAT, RAJESH MANDIR, VAIBHAV VISTA, GOLD COIN RESIDENCY, LAKSHMAN TOWER, NEW SHALIMAR, NIRVANA, OM MANIKANTA, PEARL PALACE, POPULAR TERRACE, SHINING STAR, YOU AND I",""
"Samidha P","samidha.p@pranavconstructions.com","919820388448","Complimentary","Yes","User","Main Team","AURORA, LAKSHMAN TOWER, SHINING STAR, JOE VILLE, VAIBHAV VISTA, TIARA, MAYUR RESIDENCY, JAMUNA MAHAL, SPARSH, PEARL PALACE, SAMRAT, OM MANIKANTA, KAVERI, FALCON CREST, ANKUR, NEW SHALIMAR, NIRVANA, GOLD COIN RESIDENCY, POPULAR TERRACE, GALA APARTMENTS, 42 AURA, CITIZEN CHSL, VIVANTE, RAJESH MANDIR, YOU AND I",""
"digiQC Support","support+pcl@digiqc.com","915588772212","Paid","Yes","System Admin","Main Team","AURORA, FALCON CREST, ANKUR, Training Project, RAJESH MANDIR, VAIBHAV VISTA",""
"Suneet Desai","suneet.desai@pranavconstructions.com","","Paid","Yes","User","Main Team","NEW SHALIMAR, Training Project, ANKUR, JOE VILLE, MAYUR RESIDENCY, AURORA, FALCON CREST, LAKSHMAN TOWER, KAVERI, OM MANIKANTA, SHINING STAR, SAMRAT, TIARA, PEARL PALACE, JAMUNA MAHAL, SPARSH, NIRVANA, GALA APARTMENTS, GOLD COIN RESIDENCY, POPULAR TERRACE, 42 AURA, CITIZEN CHSL, VIVANTE, RAJESH MANDIR, VAIBHAV VISTA, YOU AND I",""
"Pankti Mehta","pankti.mehta@pranavconstructions.com","917303844757","Paid","Yes","System Admin","Gold Coin Residency Team, Main Team","TIARA, GOLD COIN RESIDENCY, SAMRAT, NEW SHALIMAR, GALA APARTMENTS, SHINING STAR, POPULAR TERRACE, MAYUR RESIDENCY, NIRVANA, SPARSH, JAMUNA MAHAL, PEARL PALACE, OM MANIKANTA, KAVERI, LAKSHMAN TOWER, ANKUR, AURORA, CITIZEN CHSL, FALCON CREST, JOE VILLE, NIRMAL BHAVAN CHSL, Training Project, 42 AURA, STELLAR CREST, PCPL IVORY HEIGHTS, RAJNIGANDHA CHSL, NANDADEEP, NIRVANA SPRINGS, VIVANTE, RAJESH MANDIR, GULNAR, VAIBHAV VISTA, YOU AND I",""
"Mangesh Shigwan","mangesh.s@pranavconstructions.com","919766649072","Paid","Yes","User","Main Team","NIRVANA SPRINGS, Training Project, FALCON CREST, CITIZEN CHSL",""
"Jay Sagar","jay.sagar@pranavconstructions.com","919029185047","Paid","Yes","User","Main Team","NANDADEEP, Training Project, SHINING STAR, OM MANIKANTA, KAVERI, POPULAR TERRACE",""
"Ashwini Vetekar","ashwini.vetekar@pranavconstructions.com","919819892614","Paid","Yes","User","Main Team","42 AURA, RAJNIGANDHA CHSL, Training Project, KAVERI",""
"Manali Asawale","manali.asawale@pranavconstructions.com","919623773077","Paid","Yes","User","Main Team","Training Project, GOLD COIN RESIDENCY, JAMUNA MAHAL, SPARSH, NIRMAL BHAVAN CHSL",""
"Vishal Kadam","vishal.kadam@pranavconstructions.com","919967187333","Paid","Yes","User","Phone Contact, Main Team","CITIZEN CHSL, 42 AURA, VIVANTE, STELLAR CREST, NANDADEEP, RAJNIGANDHA CHSL, PCPL IVORY HEIGHTS, GULNAR, JAMUNA MAHAL, ANKUR, NIRVANA SPRINGS, Training Project, OM MANIKANTA, KAVERI, SAMRAT, FALCON CREST, LAKSHMAN TOWER, PEARL PALACE, AURORA, SHINING STAR, RAJESH MANDIR, VAIBHAV VISTA, YOU AND I",""
"Sunil Dubey","sunil.dubey@pranavconstructions.com","919766704423","Paid","Yes","User","Main Team","NANDADEEP",""
"Utkarsha Bhujbal","utkarsha.bhujbal@pranavconstructions.com","917208608750","Paid","Yes","User","Main Team","STELLAR CREST, VIVANTE, LAKSHMAN TOWER, Training Project",""
"Abeer Babrekar","abeer.babrekar@pranavconstructions.com","917709867383","Paid","Yes","User","Main Team","YOU AND I",""
"Komal Lokhande","komal.lokhande@pranavconstructions.com","919930770415","Paid","Yes","User","Main Team","42 AURA",""
"Sneha Agarwal","sneha.agarwal@pranavconstructions.com","","Paid","Yes","User","Main Team","GULNAR, PCPL IVORY HEIGHTS, STELLAR CREST, VIVANTE, Training Project, AURORA, SAMRAT, LAKSHMAN TOWER, GALA APARTMENTS",""
"Digvijay Suthar","digvijay.suthar@pranavconstructions.com","","Paid","Yes","User","Main Team","AURORA, Training Project, GULNAR",""
"Gangamohan Amarvaj","ganga.amarvaj@pranavconstructions.com","","Paid","Yes","User","Main Team","LAKSHMAN TOWER, RAJESH MANDIR, FALCON CREST, ANKUR, KAVERI, AURORA, JAMUNA MAHAL, OM MANIKANTA, PEARL PALACE, SHINING STAR, SAMRAT, CITIZEN CHSL, GULNAR, VAIBHAV VISTA",""
"IT Support","it@pranavconstructions.com","918850138833","Paid","Yes","System Admin","Phone Contact, Main Team","JAMUNA MAHAL, AURORA, Training Project, SHINING STAR, SAMRAT, PEARL PALACE, 42 AURA, TIARA, VAIBHAV VISTA, RAJESH MANDIR, ANKUR, KAVERI, OM MANIKANTA, MAYUR RESIDENCY, FALCON CREST, LAKSHMAN TOWER",""
"Rajesh Patel","rajesh.patel@pranavconstructions.com","919833137844","Paid","Yes","User","Main Team","LAKSHMAN TOWER",""
"Nilesh Khaire","nilesh.khaire@pranavconstructions.com","919967616239","Paid","Yes","User","Main Team","NIRMAL BHAVAN CHSL, PCPL IVORY HEIGHTS",""
"Michael Mascarenhas","michael.m@pranavconstructions.com","919967322788","Paid","Yes","User","Tiara Team, Main Team","ANKUR, Training Project, FALCON CREST, KAVERI, OM MANIKANTA, GOLD COIN RESIDENCY, RAJESH MANDIR, TIARA, JOE VILLE, NANDADEEP, NIRVANA SPRINGS",""
"Dhruvi Shah","dhruvi.shah@pranavconstructions.com","","Paid","Yes","User","Main Team","ANKUR, Training Project",""
"Ankita Jadhav","ankita.jadhav@pranavconstructions.com","918779295008","Paid","Yes","User","Main Team","JAMUNA MAHAL, SHINING STAR, ANKUR, NIRMAL BHAVAN CHSL, JOE VILLE, Training Project, MAYUR RESIDENCY, AURORA, LAKSHMAN TOWER, FALCON CREST, KAVERI, OM MANIKANTA, SAMRAT, PEARL PALACE, SPARSH, NEW SHALIMAR, NIRVANA, GOLD COIN RESIDENCY, POPULAR TERRACE, GALA APARTMENTS, 42 AURA, TIARA, STELLAR CREST, CITIZEN CHSL, PCPL IVORY HEIGHTS, RAJNIGANDHA CHSL, VIVANTE, NANDADEEP, RAJESH MANDIR, NIRVANA SPRINGS, VAIBHAV VISTA, YOU AND I",""
"Disha Sanghvi","disha.sanghvi@pranavconstructions.com","919029597354","Paid","Yes","User","Main Team","JAMUNA MAHAL, ANKUR, Training Project, MAYUR RESIDENCY, PEARL PALACE",""
"Manoj Tripathi","manoj.tripathi@pranavconstructions.com","919322051421","Paid","Yes","User","Main Team","Training Project, MAYUR RESIDENCY, SPARSH, NIRVANA, NEW SHALIMAR, GOLD COIN RESIDENCY, POPULAR TERRACE, GALA APARTMENTS, TIARA, 42 AURA, AURORA, YOU AND I",""
"Tejal Zagade","tejal.zagade@pranavconstructions.com","919004195315","Paid","Yes","User","Main Team","RAJESH MANDIR, YOU AND I, JOE VILLE, SHINING STAR",""
"Sujit More","sujit.more@pranavconstructions.com","918879815655","Paid","Yes","User","Main Team","SHINING STAR",""
"Abhishek Yadav","abhishek.yadav@pranavconstructions.com","919763494803","Paid","Yes","User","Main Team","JAMUNA MAHAL",""
"Umesh Singh","umesh.singh@pranavconstructions.com","917045341218","Complimentary","No","User","Main Team","",""
"Sachin Thekkath","sachin.t@pranavconstructions.com","918655559195","Complimentary","No","User","Main Team","",""
"Sumankumar Mandal","suman.mandal@pranavconstructions.com","9930408456","Complimentary","No","User","Mayur Team, Main Team","MAYUR RESIDENCY",""
"Prashant Prasad","prashant.prasad@pranavconstructions.com","919767497287","Complimentary","No","User","Main Team","",""
"Ashish Yadav","ashish.yadav@pranavconstructions.com","8108906274","Complimentary","No","User","Main Team","",""
"Shreeraj Mahadik","shreeraj.mahadik@pranavconstructions.com","919673122958","Complimentary","No","User","Gala Apartment Team, Phone Contact, Main Team","SAMRAT",""
"Rahul Rao","rahul.rao@pranavconstructions.com","918652678709","Complimentary","No","User","Phone Contact, Main Team","Training Project, LAKSHMAN TOWER",""
"Paresh Pangerkar","paresh.pangerkar@pranavconstructions.com","919892174401","Complimentary","No","User","Main Team","",""
"Riteshkumar Kanojiya","ritesh.kanojiya@pranavconstructions.com","919768713455","Complimentary","No","User","Main Team","",""
"Rahul Yadav","rahul.yadav@pranavconstructions.com","917307237844","Complimentary","No","User","Main Team","",""
"Yogesh Mishra","yogesh.mishra@pranavconstructions.com","917977345242","Complimentary","No","User","Main Team","",""
"Sagar Chauhan","sagar.chavan@pranavconstructions.com","7021485175","Complimentary","No","User","Main Team","",""
"Kalidas Solanki","kalidas.solanki@pranavconstructions.com","7208833922","Complimentary","No","User","Main Team","",""
"Puja Malhotra","puja.malhotra@pranavconstructions.com","919967570883","Complimentary","No","User","Main Team","",""
"Shashank Mansing Sagare","shashank.sagare@pranavconstructions.com","918425817775","Complimentary","No","User","Main Team","",""
"Pranay Bhosale","pranay.bhosle@pranavconstructions.com","7977212668","Complimentary","No","User","Main Team","",""
"Griselda Furtado","griselda.furtado@pranavconstructions.com","9820884693","Complimentary","No","User","Main Team","",""
"Santosh Bandal","santosh.bandal@pranavconstructions.com","9892651705","Complimentary","No","User","Sparsh Team, Phone Contact, Main Team","SAMRAT, SPARSH",""
"Disha Sanghavi","disha.sanghavi@pranavconstructions.com","","Complimentary","No","User","Main Team","",""
"Ganesh Pisal","ganesh.pisal@pranavconstructions.com","9082538076","Complimentary","No","User","Main Team","",""
"Jatin Kamble","jatin.kamble@pranavconstructions.com","","Complimentary","No","User","Main Team","",""
"Samidha P.","samidha.p@pranavconsructions.com","","Complimentary","No","User","Main Team","",""
"Chetan Kamble","chetan.kamble@pranavconstructions.com","919821385636","Complimentary","No","User","Main Team","",""
"Magesh M","magesh.m@pranavconstructions.com","919884010657","Complimentary","No","User","Main Team","",""
"Niraj Singh","niraj.singh@pranavconstructions.com","917977260920","Complimentary","No","User","Main Team","",""
"Kisan Kshirsagar","kisan.kshirsagar@pranavconstructions.com","917977304258","Complimentary","No","User","Phone Contact, Main Team","AURORA",""
"Sandip Gaikwad","sandip.gaikwad@pranavconstructions.com","","Complimentary","No","User","Main Team","",""
"Aniket T","et@pranavconstructions.com","9110020000000","Complimentary","No","User","Main Team","",""
"Preyas Panchal","preyas.panchal@pranavconstructions.com","919619611715","Complimentary","No","User","Main Team","",""
"M Magesh","m.magesh@pranavconstructions.com","919884010659","Complimentary","No","User","Main Team","",""
"Jitendra Pandey","jitendra.pande@pranavconstructions.com","919029347511","Complimentary","No","User","Main Team","",""
"Santosh More","santosh.more@pranavconstructions.com","919967179908","Complimentary","No","User","Phone Contact, Main Team","JAMUNA MAHAL",""
"Pradeep Subhekar","pradeep.subhkar@pranavconstructions.com","918369247311","Complimentary","No","User","Phone Contact, Main Team","Training Project",""
"Sandip Kalambe","sandip.kalambe@pranavconstructions.com","918652879535","Complimentary","No","User","Main Team","",""
"Rahul Dosad","rahul.dosad@pranavconstructions.com","918898633317","Complimentary","No","User","Main Team","",""